{"cameraMode":{"drawMode":0,"name":"Shaded","section":"Shading Mode"},"sceneLighting":true,"audioPlay":false,"sceneViewState":{"m_AlwaysRefresh":false,"showFog":true,"showSkybox":true,"showFlares":true,"showImageEffects":true,"showParticleSystems":true,"showVisualEffectGraphs":true,"m_FxEnabled":true},"in2DMode":false,"pivot":{"x":-7.504855632781982,"y":-10.853353500366211,"z":45.73147964477539},"rotation":{"x":0.10989341139793396,"y":-0.07267887890338898,"z":0.008051550947129727,"w":0.9912728071212769},"size":31.61867332458496,"orthographic":false}